Name,Author,User Rating,Reviews,Price,Genre,Year
rxwctr,crwtgxrtx,1.1,2,2011,Fiction,
dasdd,3wdewqd,3.0,3,2015,Fiction,
"Act Like a Lady, Think Like a Man: What Men Really Think About Love, Relationships, Intimacy, and Commitment",Steve Harvey,4.6,5013,17,Non Fiction,2009.0
Arguing with Idiots: How to Stop Small Minds and Big Government,Glenn Beck,4.6,798,5,Non Fiction,2009.0
"Breaking Dawn (The Twilight Saga, Book 4)",Stephenie Meyer,4.6,9769,13,Fiction,2009.0
Crazy Love: Overwhelmed by a Relentless God,Francis Chan,4.7,1542,14,Non Fiction,2009.0
Dead And Gone: A Sookie Stackhouse Novel (Sookie Stackhouse/True Blood),Charlaine Harris,4.6,1541,4,Fiction,2009.0
Diary of a Wimpy Kid: The Last Straw (Book 3),Jeff Kinney,4.8,3837,15,Fiction,2009.0
"Divine Soul Mind Body Healing and Transmission System: The Divine Way to Heal You, Humanity, Mother Earth, and All…",Zhi Gang Sha,4.6,37,6,Non Fiction,2009.0
"Dog Days (Diary of a Wimpy Kid, Book 4) (Volume 4)",Jeff Kinney,4.8,3181,12,Fiction,2009.0
Eat This Not That! Supermarket Survival Guide: The No-Diet Weight Loss Solution,David Zinczenko,4.5,720,1,Non Fiction,2009.0
"Eat This, Not That! Thousands of Simple Food Swaps that Can Save You 10, 20, 30 Pounds--or More!",David Zinczenko,4.3,956,14,Non Fiction,2009.0
Eclipse (Twilight Sagas),Stephenie Meyer,4.7,5505,7,Fiction,2009.0
Eclipse (Twilight),Stephenie Meyer,4.7,5505,18,Fiction,2009.0
"Glenn Beck's Common Sense: The Case Against an Out-of-Control Government, Inspired by Thomas Paine",Glenn Beck,4.6,1365,11,Non Fiction,2009.0
Going Rogue: An American Life,Sarah Palin,4.6,1636,6,Non Fiction,2009.0
Good to Great: Why Some Companies Make the Leap and Others Don't,Jim Collins,4.5,3457,14,Non Fiction,2009.0
Have a Little Faith: A True Story,Mitch Albom,4.8,1930,4,Non Fiction,2009.0
"I, Alex Cross",James Patterson,4.6,1320,7,Fiction,2009.0
Liberty and Tyranny: A Conservative Manifesto,Mark R. Levin,4.8,3828,15,Non Fiction,2009.0
"Mastering the Art of French Cooking, Vol. 2",Julia Child,4.8,2926,27,Non Fiction,2009.0
New Moon (The Twilight Saga),Stephenie Meyer,4.6,5680,10,Fiction,2009.0
Olive Kitteridge,Elizabeth Strout,4.2,4519,12,Fiction,2009.0
Outliers: The Story of Success,Malcolm Gladwell,4.6,10426,20,Non Fiction,2009.0
"Publication Manual of the American Psychological Association, 6th Edition",American Psychological Association,4.5,8580,46,Non Fiction,2009.0
Sookie Stackhouse,Charlaine Harris,4.7,973,25,Fiction,2009.0
StrengthsFinder 2.0,Gallup,4.0,5069,17,Non Fiction,2009.0
"Super Freakonomics: Global Cooling, Patriotic Prostitutes, and Why Suicide Bombers Should Buy Life Insurance",Steven D. Levitt,4.5,1583,18,Non Fiction,2009.0
The 5000 Year Leap,W. Cleon Skousen,4.8,1680,12,Non Fiction,2009.0
The 7 Habits of Highly Effective People: Powerful Lessons in Personal Change,Stephen R. Covey,4.6,9325,24,Non Fiction,2009.0
The Book of Basketball: The NBA According to The Sports Guy,Bill Simmons,4.7,858,53,Non Fiction,2009.0
The Elegance of the Hedgehog,Muriel Barbery,4.0,1859,11,Fiction,2009.0
The Five Dysfunctions of a Team: A Leadership Fable,Patrick Lencioni,4.6,3207,6,Non Fiction,2009.0
The Five Love Languages: How to Express Heartfelt Commitment to Your Mate,Gary Chapman,4.6,803,9,Non Fiction,2009.0
The Girl Who Played with Fire (Millennium),Stieg Larsson,4.7,7251,16,Fiction,2009.0
The Girl with the Dragon Tattoo (Millennium Series),Stieg Larsson,4.4,10559,2,Fiction,2009.0
The Guernsey Literary and Potato Peel Pie Society,Mary Ann Shaffer,4.7,8587,10,Fiction,2009.0
The Help,Kathryn Stockett,4.8,13871,6,Fiction,2009.0
The Last Lecture,Randy Pausch,4.7,4028,9,Non Fiction,2009.0
"The Last Olympian (Percy Jackson and the Olympians, Book 5)",Rick Riordan,4.8,4628,7,Fiction,2009.0
The Lost Symbol,Dan Brown,4.2,8747,19,Fiction,2009.0
The Love Dare,Stephen Kendrick,4.8,1655,13,Non Fiction,2009.0
The Shack: Where Tragedy Confronts Eternity,William P. Young,4.6,19720,8,Fiction,2009.0
The Time Traveler's Wife,Audrey Niffenegger,4.4,3759,6,Fiction,2009.0
The Tipping Point: How Little Things Can Make a Big Difference,Malcolm Gladwell,4.4,3503,9,Non Fiction,2009.0
The Twilight Saga Collection,Stephenie Meyer,4.7,3801,82,Fiction,2009.0
Three Cups of Tea: One Man's Mission to Promote Peace - One School at a Time,Greg Mortenson,4.3,3319,11,Non Fiction,2009.0
True Compass: A Memoir,Edward M. Kennedy,4.5,438,15,Non Fiction,2009.0
"Twilight (The Twilight Saga, Book 1)",Stephenie Meyer,4.7,11676,9,Fiction,2009.0
Under the Dome: A Novel,Stephen King,4.3,6740,20,Fiction,2009.0
Watchmen,Alan Moore,4.8,3829,42,Fiction,2009.0
Where the Wild Things Are,Maurice Sendak,4.8,9967,13,Fiction,2009.0
A Patriot's History of the United States: From Columbus's Great Discovery to the War on Terror,Larry Schweikart,4.6,460,2,Non Fiction,2010.0
"Autobiography of Mark Twain, Vol. 1",Mark Twain,4.2,491,14,Non Fiction,2010.0
"Barefoot Contessa, How Easy Is That?: Fabulous Recipes & Easy Tips",Ina Garten,4.7,615,21,Non Fiction,2010.0
"Broke: The Plan to Restore Our Trust, Truth and Treasure",Glenn Beck,4.5,471,8,Non Fiction,2010.0
Catching Fire (The Hunger Games),Suzanne Collins,4.7,22614,11,Fiction,2010.0
Crazy Love: Overwhelmed by a Relentless God,Francis Chan,4.7,1542,14,Non Fiction,2010.0
Cutting for Stone,Abraham Verghese,4.6,4866,11,Fiction,2010.0
"Dead in the Family (Sookie Stackhouse/True Blood, Book 10)",Charlaine Harris,4.3,1924,8,Fiction,2010.0
Decision Points,George W. Bush,4.6,2137,17,Non Fiction,2010.0
"Delivering Happiness: A Path to Profits, Passion, and Purpose",Tony Hsieh,4.6,1651,15,Non Fiction,2010.0
Drive: The Surprising Truth About What Motivates Us,Daniel H. Pink,4.5,2525,16,Non Fiction,2010.0
Food Rules: An Eater's Manual,Michael Pollan,4.4,1555,9,Non Fiction,2010.0
"Game Change: Obama and the Clintons, McCain and Palin, and the Race of a Lifetime",John Heilemann,4.4,1215,9,Non Fiction,2010.0
George Washington's Sacred Fire,Peter A. Lillback,4.5,408,20,Non Fiction,2010.0
Good to Great: Why Some Companies Make the Leap and Others Don't,Jim Collins,4.5,3457,14,Non Fiction,2010.0
Life,Keith Richards,4.5,2752,18,Non Fiction,2010.0
Little Bee: A Novel,Chris Cleave,4.1,1467,10,Fiction,2010.0
Mockingjay (The Hunger Games),Suzanne Collins,4.5,26741,8,Fiction,2010.0
Outliers: The Story of Success,Malcolm Gladwell,4.6,10426,20,Non Fiction,2010.0
Percy Jackson and the Olympians Paperback Boxed Set (Books 1-3),Rick Riordan,4.8,548,2,Fiction,2010.0
"Publication Manual of the American Psychological Association, 6th Edition",American Psychological Association,4.5,8580,46,Non Fiction,2010.0
Radical: Taking Back Your Faith from the American Dream,David Platt,4.7,1985,9,Non Fiction,2010.0
Sarah's Key,Tatiana de Rosnay,4.6,3619,10,Fiction,2010.0
Sh*t My Dad Says,Justin Halpern,4.7,1265,11,Non Fiction,2010.0
StrengthsFinder 2.0,Gallup,4.0,5069,17,Non Fiction,2010.0
Switch: How to Change Things When Change Is Hard,Chip Heath,4.6,1907,13,Non Fiction,2010.0
Teach Like a Champion: 49 Techniques that Put Students on the Path to College,Doug Lemov,4.4,637,20,Non Fiction,2010.0
The 5 Love Languages: The Secret to Love That Lasts,Gary Chapman,4.7,3477,28,Non Fiction,2010.0
The Art of Racing in the Rain: A Novel,Garth Stein,4.7,11813,10,Fiction,2010.0
The Big Short: Inside the Doomsday Machine,Michael Lewis,4.7,3536,17,Non Fiction,2010.0
The Confession: A Novel,John Grisham,4.3,3523,13,Fiction,2010.0
The Daily Show with Jon Stewart Presents Earth (The Book): A Visitor's Guide to the Human Race,Jon Stewart,4.4,440,11,Non Fiction,2010.0
The Five Dysfunctions of a Team: A Leadership Fable,Patrick Lencioni,4.6,3207,6,Non Fiction,2010.0
The Girl Who Kicked the Hornet's Nest (Millennium Trilogy),Stieg Larsson,4.7,7747,14,Fiction,2010.0
The Girl Who Played with Fire (Millennium Series),Stieg Larsson,4.7,7251,9,Fiction,2010.0
The Girl with the Dragon Tattoo (Millennium Series),Stieg Larsson,4.4,10559,2,Fiction,2010.0
The Help,Kathryn Stockett,4.8,13871,6,Fiction,2010.0
The Hunger Games,Suzanne Collins,4.7,32122,14,Fiction,2010.0
The Immortal Life of Henrietta Lacks,Rebecca Skloot,4.7,9289,13,Non Fiction,2010.0
"The Last Olympian (Percy Jackson and the Olympians, Book 5)",Rick Riordan,4.8,4628,7,Fiction,2010.0
"The Lost Hero (Heroes of Olympus, Book 1)",Rick Riordan,4.8,4506,14,Fiction,2010.0
The Official SAT Study Guide,The College Board,4.4,1201,40,Non Fiction,2010.0
"The Red Pyramid (The Kane Chronicles, Book 1)",Rick Riordan,4.6,2186,12,Fiction,2010.0
"The Road to Serfdom: Text and Documents--The Definitive Edition (The Collected Works of F. A. Hayek, Volume 2)",F. A. Hayek,4.6,1204,14,Non Fiction,2010.0
The Short Second Life of Bree Tanner: An Eclipse Novella (The Twilight Saga),Stephenie Meyer,4.6,2122,0,Fiction,2010.0
"The Ugly Truth (Diary of a Wimpy Kid, Book 5)",Jeff Kinney,4.8,3796,12,Fiction,2010.0
Three Cups of Tea: One Man's Mission to Promote Peace - One School at a Time,Greg Mortenson,4.3,3319,11,Non Fiction,2010.0
"Towers of Midnight (Wheel of Time, Book Thirteen)",Robert Jordan,4.8,2282,21,Fiction,2010.0
"Unbroken: A World War II Story of Survival, Resilience, and Redemption",Laura Hillenbrand,4.8,29673,16,Non Fiction,2010.0
Women Food and God: An Unexpected Path to Almost Everything,Geneen Roth,4.2,1302,11,Non Fiction,2010.0
11/22/63: A Novel,Stephen King,4.6,2052,22,Fiction,2011.0
A Dance with Dragons (A Song of Ice and Fire),George R. R. Martin,4.4,12643,11,Fiction,2011.0
A Stolen Life: A Memoir,Jaycee Dugard,4.6,4149,32,Non Fiction,2011.0
"Cabin Fever (Diary of a Wimpy Kid, Book 6)",Jeff Kinney,4.8,4505,0,Fiction,2011.0
Catching Fire (The Hunger Games),Suzanne Collins,4.7,22614,11,Fiction,2011.0
Crazy Love: Overwhelmed by a Relentless God,Francis Chan,4.7,1542,14,Non Fiction,2011.0
Cutting for Stone,Abraham Verghese,4.6,4866,11,Fiction,2011.0
"Dead Reckoning (Sookie Stackhouse/True Blood, Book 11)",Charlaine Harris,4.2,2094,4,Fiction,2011.0
"Eat to Live: The Amazing Nutrient-Rich Program for Fast and Sustained Weight Loss, Revised Edition",Joel Fuhrman MD,4.5,6346,9,Non Fiction,2011.0
Game of Thrones Boxed Set: A Game of Thrones/A Clash of Kings/A Storm of Swords/A Feast for Crows,George R.R. Martin,4.6,5594,5,Fiction,2011.0
Go the F**k to Sleep,Adam Mansbach,4.8,9568,9,Fiction,2011.0
Good to Great: Why Some Companies Make the Leap and Others Don't,Jim Collins,4.5,3457,14,Non Fiction,2011.0
Heaven is for Real: A Little Boy's Astounding Story of His Trip to Heaven and Back,Todd Burpo,4.7,15779,10,Non Fiction,2011.0
"In the Garden of Beasts: Love, Terror, and an American Family in Hitler's Berlin",Eric Larson,4.4,4571,21,Non Fiction,2011.0
Inheritance: Book IV (Inheritance Cycle),Christopher Paolini,4.6,5299,20,Fiction,2011.0
Jesus Calling: Enjoying Peace in His Presence (with Scripture References),Sarah Young,4.9,19576,8,Non Fiction,2011.0
Killing Lincoln: The Shocking Assassination that Changed America Forever (Bill O'Reilly's Killing Series),Bill O'Reilly,4.7,9342,10,Non Fiction,2011.0
"Love Wins: A Book About Heaven, Hell, and the Fate of Every Person Who Ever Lived",Rob Bell,4.2,1649,13,Non Fiction,2011.0
Mockingjay (The Hunger Games),Suzanne Collins,4.5,26741,8,Fiction,2011.0
One Thousand Gifts: A Dare to Live Fully Right Where You Are,Ann Voskamp,4.6,3163,13,Non Fiction,2011.0
"Publication Manual of the American Psychological Association, 6th Edition",American Psychological Association,4.5,8580,46,Non Fiction,2011.0
Radical: Taking Back Your Faith from the American Dream,David Platt,4.7,1985,9,Non Fiction,2011.0
Steve Jobs,Walter Isaacson,4.6,7827,20,Non Fiction,2011.0
StrengthsFinder 2.0,Gallup,4.0,5069,17,Non Fiction,2011.0
Teach Like a Champion: 49 Techniques that Put Students on the Path to College,Doug Lemov,4.4,637,20,Non Fiction,2011.0
The 17 Day Diet: A Doctor's Plan Designed for Rapid Results,Mike Moreno,4.3,2314,22,Non Fiction,2011.0
"The 4 Hour Body: An Uncommon Guide to Rapid Fat Loss, Incredible Sex and Becoming Superhuman",Timothy Ferriss,4.3,4587,21,Non Fiction,2011.0
The 5 Love Languages: The Secret to Love That Lasts,Gary Chapman,4.7,3477,28,Non Fiction,2011.0
The 7 Habits of Highly Effective People: Powerful Lessons in Personal Change,Stephen R. Covey,4.6,9325,24,Non Fiction,2011.0
The Art of Racing in the Rain: A Novel,Garth Stein,4.7,11813,10,Fiction,2011.0
The China Study: The Most Comprehensive Study of Nutrition Ever Conducted And the Startling Implications for Diet…,Thomas Campbell,4.7,4633,21,Non Fiction,2011.0
"The Dukan Diet: 2 Steps to Lose the Weight, 2 Steps to Keep It Off Forever",Pierre Dukan,4.1,2023,15,Non Fiction,2011.0
The Five Dysfunctions of a Team: A Leadership Fable,Patrick Lencioni,4.6,3207,6,Non Fiction,2011.0
The Girl Who Kicked the Hornet's Nest (Millennium Trilogy),Stieg Larsson,4.7,7747,14,Fiction,2011.0
The Help,Kathryn Stockett,4.8,13871,8,Fiction,2011.0
The Help,Kathryn Stockett,4.8,13871,7,Fiction,2011.0
The Hunger Games (Book 1),Suzanne Collins,4.7,32122,8,Fiction,2011.0
The Hunger Games Trilogy Boxed Set (1),Suzanne Collins,4.8,16949,30,Fiction,2011.0
The Immortal Life of Henrietta Lacks,Rebecca Skloot,4.7,9289,9,Non Fiction,2011.0
The Lego Ideas Book: Unlock Your Imagination,Daniel Lipkowitz,4.4,4247,13,Non Fiction,2011.0
The Litigators,John Grisham,4.4,6222,18,Fiction,2011.0
The Official SAT Study Guide,The College Board,4.4,1201,40,Non Fiction,2011.0
The Paris Wife: A Novel,Paula McLain,4.3,3759,16,Fiction,2011.0
"The Son of Neptune (Heroes of Olympus, Book 2)",Rick Riordan,4.8,4290,10,Fiction,2011.0
"The Throne of Fire (The Kane Chronicles, Book 2)",Rick Riordan,4.7,1463,10,Fiction,2011.0
"Thinking, Fast and Slow",Daniel Kahneman,4.6,11034,19,Non Fiction,2011.0
Tina Fey: Bossypants,Tina Fey,4.3,5977,12,Non Fiction,2011.0
"Unbroken: A World War II Story of Survival, Resilience, and Redemption",Laura Hillenbrand,4.8,29673,16,Non Fiction,2011.0
Water for Elephants: A Novel,Sara Gruen,4.5,8958,12,Fiction,2011.0
What to Expect When You're Expecting,Heidi Murkoff,4.4,3341,9,Non Fiction,2011.0
Barefoot Contessa Foolproof: Recipes You Can Trust: A Cookbook,Ina Garten,4.8,1296,24,Non Fiction,2012.0
Catching Fire (The Hunger Games),Suzanne Collins,4.7,22614,11,Fiction,2012.0
"Eat to Live: The Amazing Nutrient-Rich Program for Fast and Sustained Weight Loss, Revised Edition",Joel Fuhrman MD,4.5,6346,9,Non Fiction,2012.0
Fifty Shades Darker,E L James,4.4,23631,7,Fiction,2012.0
Fifty Shades Freed: Book Three of the Fifty Shades Trilogy (Fifty Shades of Grey Series) (English Edition),E L James,4.5,20262,11,Fiction,2012.0
Fifty Shades of Grey: Book One of the Fifty Shades Trilogy (Fifty Shades of Grey Series),E L James,3.8,47265,14,Fiction,2012.0
Fifty Shades Trilogy (Fifty Shades of Grey / Fifty Shades Darker / Fifty Shades Freed),E L James,4.5,13964,32,Fiction,2012.0
Game of Thrones Boxed Set: A Game of Thrones/A Clash of Kings/A Storm of Swords/A Feast for Crows,George R.R. Martin,4.6,5594,5,Fiction,2012.0
Gone Girl,Gillian Flynn,4.0,57271,10,Fiction,2012.0
Good to Great: Why Some Companies Make the Leap and Others Don't,Jim Collins,4.5,3457,14,Non Fiction,2012.0
"Goodnight, Goodnight Construction Site (Hardcover Books for Toddlers, Preschool Books for Kids)",Sherri Duskey Rinker,4.9,7038,7,Fiction,2012.0
Heaven is for Real: A Little Boy's Astounding Story of His Trip to Heaven and Back,Todd Burpo,4.7,15779,10,Non Fiction,2012.0
Jesus Calling: Enjoying Peace in His Presence (with Scripture References),Sarah Young,4.9,19576,8,Non Fiction,2012.0
Killing Kennedy: The End of Camelot,Bill O'Reilly,4.6,8634,25,Non Fiction,2012.0
Killing Lincoln: The Shocking Assassination that Changed America Forever (Bill O'Reilly's Killing Series),Bill O'Reilly,4.7,9342,10,Non Fiction,2012.0
Mockingjay (The Hunger Games),Suzanne Collins,4.5,26741,8,Fiction,2012.0
No Easy Day: The Autobiography of a Navy Seal: The Firsthand Account of the Mission That Killed Osama Bin Laden,Mark Owen,4.6,8093,14,Non Fiction,2012.0
"Oh, the Places You'll Go!",Dr. Seuss,4.9,21834,8,Fiction,2012.0
One Thousand Gifts: A Dare to Live Fully Right Where You Are,Ann Voskamp,4.6,3163,13,Non Fiction,2012.0
Proof of Heaven: A Neurosurgeon's Journey into the Afterlife,Eben Alexander,4.3,13616,10,Non Fiction,2012.0
"Publication Manual of the American Psychological Association, 6th Edition",American Psychological Association,4.5,8580,46,Non Fiction,2012.0
Quiet: The Power of Introverts in a World That Can't Stop Talking,Susan Cain,4.6,10009,20,Non Fiction,2012.0
Steve Jobs,Walter Isaacson,4.6,7827,20,Non Fiction,2012.0
StrengthsFinder 2.0,Gallup,4.0,5069,17,Non Fiction,2012.0
The 5 Love Languages: The Secret to Love That Lasts,Gary Chapman,4.7,3477,28,Non Fiction,2012.0
The 7 Habits of Highly Effective People: Powerful Lessons in Personal Change,Stephen R. Covey,4.6,9325,24,Non Fiction,2012.0
The Amateur,Edward Klein,4.6,2580,9,Non Fiction,2012.0
"The Blood Sugar Solution: The UltraHealthy Program for Losing Weight, Preventing Disease, and Feeling Great Now!",Mark Hyman M.D.,4.2,1789,14,Non Fiction,2012.0
The Casual Vacancy,J.K. Rowling,3.3,9372,12,Fiction,2012.0
The Fault in Our Stars,John Green,4.7,50482,13,Fiction,2012.0
The Five Dysfunctions of a Team: A Leadership Fable,Patrick Lencioni,4.6,3207,6,Non Fiction,2012.0
The Great Gatsby,F. Scott Fitzgerald,4.4,11616,7,Fiction,2012.0
The Harbinger: The Ancient Mystery that Holds the Secret of America's Future,Jonathan Cahn,4.6,11098,13,Fiction,2012.0
The Hunger Games (Book 1),Suzanne Collins,4.7,32122,8,Fiction,2012.0
The Hunger Games Trilogy Boxed Set (1),Suzanne Collins,4.8,16949,30,Fiction,2012.0
The Immortal Life of Henrietta Lacks,Rebecca Skloot,4.7,9289,9,Non Fiction,2012.0
The Lego Ideas Book: Unlock Your Imagination,Daniel Lipkowitz,4.4,4247,13,Non Fiction,2012.0
"The Mark of Athena (Heroes of Olympus, Book 3)",Rick Riordan,4.8,6247,10,Fiction,2012.0
The Official SAT Study Guide,The College Board,4.4,1201,40,Non Fiction,2012.0
The Pioneer Woman Cooks: Food from My Frontier,Ree Drummond,4.8,2876,21,Non Fiction,2012.0
The Power of Habit: Why We Do What We Do in Life and Business,Charles Duhigg,4.6,10795,21,Non Fiction,2012.0
The Racketeer,John Grisham,4.3,14493,18,Fiction,2012.0
"The Serpent's Shadow (The Kane Chronicles, Book 3)",Rick Riordan,4.8,2091,12,Fiction,2012.0
"The Third Wheel (Diary of a Wimpy Kid, Book 7)",Jeff Kinney,4.7,6377,7,Fiction,2012.0
"Thinking, Fast and Slow",Daniel Kahneman,4.6,11034,19,Non Fiction,2012.0
Thomas Jefferson: The Art of Power,Jon Meacham,4.5,1904,23,Non Fiction,2012.0
"Unbroken: A World War II Story of Survival, Resilience, and Redemption",Laura Hillenbrand,4.8,29673,16,Non Fiction,2012.0
"Wheat Belly: Lose the Wheat, Lose the Weight, and Find Your Path Back to Health",William Davis,4.4,7497,6,Non Fiction,2012.0
Wild: From Lost to Found on the Pacific Crest Trail,Cheryl Strayed,4.4,17044,18,Non Fiction,2012.0
Winter of the World: Book Two of the Century Trilogy,Ken Follett,4.5,10760,15,Fiction,2012.0
Allegiant,Veronica Roth,3.9,6310,13,Fiction,2013.0
And the Mountains Echoed,Khaled Hosseini,4.3,12159,13,Fiction,2013.0
"Daring Greatly: How the Courage to Be Vulnerable Transforms the Way We Live, Love, Parent, and Lead",Brené Brown,4.8,1329,10,Non Fiction,2013.0
"David and Goliath: Underdogs, Misfits, and the Art of Battling Giants",Malcolm Gladwell,4.4,4642,13,Non Fiction,2013.0
"Diagnostic and Statistical Manual of Mental Disorders, 5th Edition: DSM-5",American Psychiatric Association,4.5,6679,105,Non Fiction,2013.0
"Diary of a Wimpy Kid: Hard Luck, Book 8",Jeff Kinney,4.8,6812,0,Fiction,2013.0
Divergent,Veronica Roth,4.6,27098,15,Fiction,2013.0
Doctor Sleep: A Novel,Stephen King,4.7,15845,13,Fiction,2013.0
Fifty Shades of Grey: Book One of the Fifty Shades Trilogy (Fifty Shades of Grey Series),E L James,3.8,47265,14,Fiction,2013.0
Game of Thrones Boxed Set: A Game of Thrones/A Clash of Kings/A Storm of Swords/A Feast for Crows,George R.R. Martin,4.6,5594,5,Fiction,2013.0
George Washington's Secret Six: The Spy Ring That Saved the American Revolution,Brian Kilmeade,4.6,4799,16,Non Fiction,2013.0
Gone Girl,Gillian Flynn,4.0,57271,10,Fiction,2013.0
"Goodnight, Goodnight Construction Site (Hardcover Books for Toddlers, Preschool Books for Kids)",Sherri Duskey Rinker,4.9,7038,7,Fiction,2013.0
"Happy, Happy, Happy: My Life and Legacy as the Duck Commander",Phil Robertson,4.8,4148,11,Non Fiction,2013.0
Humans of New York,Brandon Stanton,4.8,3490,15,Non Fiction,2013.0
"Hyperbole and a Half: Unfortunate Situations, Flawed Coping Mechanisms, Mayhem, and Other Things That Happened",Allie Brosh,4.7,4896,17,Non Fiction,2013.0
Inferno,Dan Brown,4.1,29651,14,Fiction,2013.0
Jesus Calling: Enjoying Peace in His Presence (with Scripture References),Sarah Young,4.9,19576,8,Non Fiction,2013.0
Joyland (Hard Case Crime),Stephen King,4.5,4748,12,Fiction,2013.0
Killing Jesus (Bill O'Reilly's Killing Series),Bill O'Reilly,4.5,11391,12,Non Fiction,2013.0
Knock-Knock Jokes for Kids,Rob Elliott,4.5,3673,4,Non Fiction,2013.0
Laugh-Out-Loud Jokes for Kids,Rob Elliott,4.6,6990,4,Non Fiction,2013.0
"Lean In: Women, Work, and the Will to Lead",Sheryl Sandberg,4.5,6132,13,Non Fiction,2013.0
"Oh, the Places You'll Go!",Dr. Seuss,4.9,21834,8,Fiction,2013.0
Proof of Heaven: A Neurosurgeon's Journey into the Afterlife,Eben Alexander,4.3,13616,10,Non Fiction,2013.0
"Publication Manual of the American Psychological Association, 6th Edition",American Psychological Association,4.5,8580,46,Non Fiction,2013.0
Quiet: The Power of Introverts in a World That Can't Stop Talking,Susan Cain,4.6,10009,7,Non Fiction,2013.0
Rush Revere and the Brave Pilgrims: Time-Travel Adventures with Exceptional Americans (1),Rush Limbaugh,4.9,7150,12,Fiction,2013.0
Shred: The Revolutionary Diet: 6 Weeks 4 Inches 2 Sizes,Ian K. Smith M.D.,4.1,2272,6,Non Fiction,2013.0
"Soul Healing Miracles: Ancient and New Sacred Wisdom, Knowledge, and Practical Techniques for Healing the Spiritual…",Zhi Gang Sha,4.6,220,17,Non Fiction,2013.0
StrengthsFinder 2.0,Gallup,4.0,5069,17,Non Fiction,2013.0
Sycamore Row (Jake Brigance),John Grisham,4.5,23114,18,Fiction,2013.0
The 5 Love Languages: The Secret to Love That Lasts,Gary Chapman,4.7,3477,28,Non Fiction,2013.0
The 7 Habits of Highly Effective People: Powerful Lessons in Personal Change,Stephen R. Covey,4.6,9325,24,Non Fiction,2013.0
The Book Thief,Markus Zusak,4.6,23148,6,Fiction,2013.0
The Day the Crayons Quit,Drew Daywalt,4.8,8922,9,Fiction,2013.0
The Fault in Our Stars,John Green,4.7,50482,13,Fiction,2013.0
The Five Dysfunctions of a Team: A Leadership Fable,Patrick Lencioni,4.6,3207,6,Non Fiction,2013.0
The Four Agreements: A Practical Guide to Personal Freedom (A Toltec Wisdom Book),Don Miguel Ruiz,4.7,23308,6,Non Fiction,2013.0
The Goldfinch: A Novel (Pulitzer Prize for Fiction),Donna Tartt,3.9,33844,20,Fiction,2013.0
The Great Gatsby,F. Scott Fitzgerald,4.4,11616,7,Fiction,2013.0
"The House of Hades (Heroes of Olympus, Book 4)",Rick Riordan,4.8,6982,14,Fiction,2013.0
The Legend of Zelda: Hyrule Historia,Patrick Thorpe,4.9,5396,20,Fiction,2013.0
The Official SAT Study Guide,The College Board,4.4,1201,40,Non Fiction,2013.0
"The Pioneer Woman Cooks: A Year of Holidays: 140 Step-by-Step Recipes for Simple, Scrumptious Celebrations",Ree Drummond,4.8,2663,17,Non Fiction,2013.0
The Very Hungry Caterpillar,Eric Carle,4.9,19546,5,Fiction,2013.0
"Things That Matter: Three Decades of Passions, Pastimes and Politics [Deckled Edge]",Charles Krauthammer,4.7,7034,15,Non Fiction,2013.0
To Kill a Mockingbird,Harper Lee,4.8,26234,0,Fiction,2013.0
"Wheat Belly: Lose the Wheat, Lose the Weight, and Find Your Path Back to Health",William Davis,4.4,7497,6,Non Fiction,2013.0
Wonder,R. J. Palacio,4.8,21625,9,Fiction,2013.0
A Game of Thrones / A Clash of Kings / A Storm of Swords / A Feast of Crows / A Dance with Dragons,George R. R. Martin,4.7,19735,30,Fiction,2014.0
All the Light We Cannot See,Anthony Doerr,4.6,36348,14,Fiction,2014.0
Capital in the Twenty First Century,Thomas Piketty,4.5,2884,28,Non Fiction,2014.0
"Diagnostic and Statistical Manual of Mental Disorders, 5th Edition: DSM-5",American Psychiatric Association,4.5,6679,105,Non Fiction,2014.0
Diary of a Wimpy Kid: The Long Haul,Jeff Kinney,4.8,6540,22,Fiction,2014.0
Divergent,Veronica Roth,4.6,27098,15,Fiction,2014.0
Divergent / Insurgent,Veronica Roth,4.5,17684,6,Fiction,2014.0
First 100 Words,Roger Priddy,4.7,17323,4,Non Fiction,2014.0
Frozen (Little Golden Book),RH Disney,4.7,3642,0,Fiction,2014.0
Gone Girl,Gillian Flynn,4.0,57271,9,Fiction,2014.0
"Grain Brain: The Surprising Truth about Wheat, Carbs, and Sugar--Your Brain's Silent Killers",David Perlmutter MD,4.6,5972,10,Non Fiction,2014.0
How to Win Friends & Influence People,Dale Carnegie,4.7,25001,11,Non Fiction,2014.0
Humans of New York,Brandon Stanton,4.8,3490,15,Non Fiction,2014.0
If I Stay,Gayle Forman,4.3,7153,9,Fiction,2014.0
Jesus Calling: Enjoying Peace in His Presence (with Scripture References),Sarah Young,4.9,19576,8,Non Fiction,2014.0
JOURNEY TO THE ICE P,RH Disney,4.6,978,0,Fiction,2014.0
Killing Patton: The Strange Death of World War II's Most Audacious General (Bill O'Reilly's Killing Series),Bill O'Reilly,4.6,10927,6,Non Fiction,2014.0
Knock-Knock Jokes for Kids,Rob Elliott,4.5,3673,4,Non Fiction,2014.0
Laugh-Out-Loud Jokes for Kids,Rob Elliott,4.6,6990,4,Non Fiction,2014.0
Little Blue Truck,Alice Schertle,4.9,1884,0,Fiction,2014.0
Looking for Alaska,John Green,4.5,8491,7,Fiction,2014.0
Love You Forever,Robert Munsch,4.8,18613,5,Fiction,2014.0
Make It Ahead: A Barefoot Contessa Cookbook,Ina Garten,4.5,1386,20,Non Fiction,2014.0
Mindset: The New Psychology of Success,Carol S. Dweck,4.6,5542,10,Non Fiction,2014.0
"Oh, the Places You'll Go!",Dr. Seuss,4.9,21834,8,Fiction,2014.0
Orphan Train,Christina Baker Kline,4.6,21930,11,Fiction,2014.0
"Publication Manual of the American Psychological Association, 6th Edition",American Psychological Association,4.5,8580,46,Non Fiction,2014.0
Rush Revere and the First Patriots: Time-Travel Adventures With Exceptional Americans (2),Rush Limbaugh,4.9,3836,12,Fiction,2014.0
StrengthsFinder 2.0,Gallup,4.0,5069,17,Non Fiction,2014.0
The 5 Love Languages: The Secret to Love That Lasts,Gary Chapman,4.7,3477,28,Non Fiction,2014.0
The Alchemist,Paulo Coelho,4.7,35799,39,Fiction,2014.0
The Blood of Olympus (The Heroes of Olympus (5)),Rick Riordan,4.8,6600,11,Fiction,2014.0
The Book Thief,Markus Zusak,4.6,23148,6,Fiction,2014.0
The Book with No Pictures,B. J. Novak,4.8,8081,8,Fiction,2014.0
The Boys in the Boat: Nine Americans and Their Epic Quest for Gold at the 1936 Berlin Olympics,Daniel James Brown,4.8,23358,12,Non Fiction,2014.0
The Day the Crayons Quit,Drew Daywalt,4.8,8922,9,Fiction,2014.0
The Fault in Our Stars,John Green,4.7,50482,7,Fiction,2014.0
The Fault in Our Stars,John Green,4.7,50482,13,Fiction,2014.0
The Goldfinch: A Novel (Pulitzer Prize for Fiction),Donna Tartt,3.9,33844,20,Fiction,2014.0
The Great Gatsby,F. Scott Fitzgerald,4.4,11616,7,Fiction,2014.0
The Maze Runner (Book 1),James Dashner,4.5,10101,8,Fiction,2014.0
The Official SAT Study Guide,The College Board,4.4,1201,40,Non Fiction,2014.0
The Very Hungry Caterpillar,Eric Carle,4.9,19546,5,Fiction,2014.0
Thug Kitchen: The Official Cookbook: Eat Like You Give a F*ck (Thug Kitchen Cookbooks),Thug Kitchen,4.6,11128,23,Non Fiction,2014.0
To Kill a Mockingbird,Harper Lee,4.8,26234,0,Fiction,2014.0
Ultimate Sticker Book: Frozen: More Than 60 Reusable Full-Color Stickers,DK,4.5,2586,5,Fiction,2014.0
"Unbroken: A World War II Story of Survival, Resilience, and Redemption",Laura Hillenbrand,4.8,29673,13,Non Fiction,2014.0
"Unbroken: A World War II Story of Survival, Resilience, and Redemption",Laura Hillenbrand,4.8,29673,16,Non Fiction,2014.0
What If?: Serious Scientific Answers to Absurd Hypothetical Questions,Randall Munroe,4.7,9292,17,Non Fiction,2014.0
Wonder,R. J. Palacio,4.8,21625,9,Fiction,2014.0
Adult Coloring Book: Stress Relieving Animal Designs,Blue Star Coloring,4.6,2925,6,Non Fiction,2015.0
Adult Coloring Book: Stress Relieving Patterns,Blue Star Coloring,4.4,2951,6,Non Fiction,2015.0
"Adult Coloring Books: A Coloring Book for Adults Featuring Mandalas and Henna Inspired Flowers, Animals, and Paisley…",Coloring Books for Adults,4.5,2426,8,Non Fiction,2015.0
All the Light We Cannot See,Anthony Doerr,4.6,36348,14,Fiction,2015.0
American Sniper: The Autobiography of the Most Lethal Sniper in U.S. Military History,Chris Kyle,4.6,15921,9,Non Fiction,2015.0
Baby Touch and Feel: Animals,DK,4.6,5360,5,Non Fiction,2015.0
Balance (Angie's Extreme Stress Menders),Angie Grace,4.6,1909,11,Non Fiction,2015.0
Being Mortal: Medicine and What Matters in the End,Atul Gawande,4.8,11113,15,Non Fiction,2015.0
Between the World and Me,Ta-Nehisi Coates,4.7,10070,13,Non Fiction,2015.0
Creative Haven Creative Cats Coloring Book (Adult Coloring),Marjorie Sarnat,4.8,4022,4,Non Fiction,2015.0
Creative Haven Owls Coloring Book (Adult Coloring),Marjorie Sarnat,4.8,3871,5,Non Fiction,2015.0
Dear Zoo: A Lift-the-Flap Book,Rod Campbell,4.8,10922,5,Fiction,2015.0
Dover Creative Haven Art Nouveau Animal Designs Coloring Book (Creative Haven Coloring Books),Marty Noble,4.6,2134,5,Non Fiction,2015.0
"Enchanted Forest: An Inky Quest and Coloring book (Activity Books, Mindfulness and Meditation, Illustrated Floral Prints…",Johanna Basford,4.7,5413,9,Non Fiction,2015.0
First 100 Words,Roger Priddy,4.7,17323,4,Non Fiction,2015.0
Giraffes Can't Dance,Giles Andreae,4.8,14038,4,Fiction,2015.0
Go Set a Watchman: A Novel,Harper Lee,3.6,14982,19,Fiction,2015.0
Grey: Fifty Shades of Grey as Told by Christian (Fifty Shades of Grey Series),E L James,4.4,25624,14,Fiction,2015.0
Harry Potter Coloring Book,Scholastic,4.7,3564,9,Non Fiction,2015.0
How to Win Friends & Influence People,Dale Carnegie,4.7,25001,11,Non Fiction,2015.0
Humans of New York : Stories,Brandon Stanton,4.9,2812,17,Non Fiction,2015.0
Jesus Calling: Enjoying Peace in His Presence (with Scripture References),Sarah Young,4.9,19576,8,Non Fiction,2015.0
Killing Reagan: The Violent Assault That Changed a Presidency (Bill O'Reilly's Killing Series),Bill O'Reilly,4.6,5235,5,Non Fiction,2015.0
Knock-Knock Jokes for Kids,Rob Elliott,4.5,3673,4,Non Fiction,2015.0
Laugh-Out-Loud Jokes for Kids,Rob Elliott,4.6,6990,4,Non Fiction,2015.0
Love You Forever,Robert Munsch,4.8,18613,5,Fiction,2015.0
Mindset: The New Psychology of Success,Carol S. Dweck,4.6,5542,10,Non Fiction,2015.0
"Oh, the Places You'll Go!",Dr. Seuss,4.9,21834,8,Fiction,2015.0
Old School (Diary of a Wimpy Kid #10),Jeff Kinney,4.8,6169,7,Fiction,2015.0
"Publication Manual of the American Psychological Association, 6th Edition",American Psychological Association,4.5,8580,46,Non Fiction,2015.0
"Secret Garden: An Inky Treasure Hunt and Coloring Book (For Adults, mindfulness coloring)",Johanna Basford,4.7,9366,9,Non Fiction,2015.0
StrengthsFinder 2.0,Gallup,4.0,5069,17,Non Fiction,2015.0
The 5 Love Languages: The Secret to Love that Lasts,Gary Chapman,4.8,25554,8,Non Fiction,2015.0
The 7 Habits of Highly Effective People: Powerful Lessons in Personal Change,Stephen R. Covey,4.7,4725,16,Non Fiction,2015.0
The Book with No Pictures,B. J. Novak,4.8,8081,8,Fiction,2015.0
The Boys in the Boat: Nine Americans and Their Epic Quest for Gold at the 1936 Berlin Olympics,Daniel James Brown,4.8,23358,12,Non Fiction,2015.0
The Day the Crayons Quit,Drew Daywalt,4.8,8922,9,Fiction,2015.0
The Four Agreements: A Practical Guide to Personal Freedom (A Toltec Wisdom Book),Don Miguel Ruiz,4.7,23308,6,Non Fiction,2015.0
The Girl on the Train,Paula Hawkins,4.1,79446,18,Fiction,2015.0
The Life-Changing Magic of Tidying Up: The Japanese Art of Decluttering and Organizing,Marie Kondō,4.5,22641,11,Non Fiction,2015.0
The Martian,Andy Weir,4.7,39459,9,Fiction,2015.0
The Nightingale: A Novel,Kristin Hannah,4.8,49288,11,Fiction,2015.0
"The Pioneer Woman Cooks: Dinnertime - Comfort Classics, Freezer Food, 16-minute Meals, and Other Delicious Ways to Solve…",Ree Drummond,4.8,3428,14,Non Fiction,2015.0
The Very Hungry Caterpillar,Eric Carle,4.9,19546,5,Fiction,2015.0
The Whole30: The 30-Day Guide to Total Health and Food Freedom,Melissa Hartwig Urban,4.6,7508,16,Non Fiction,2015.0
The Wright Brothers,David McCullough,4.7,6169,16,Non Fiction,2015.0
Thug Kitchen: The Official Cookbook: Eat Like You Give a F*ck (Thug Kitchen Cookbooks),Thug Kitchen,4.6,11128,23,Non Fiction,2015.0
To Kill a Mockingbird,Harper Lee,4.8,26234,0,Fiction,2015.0
What Pet Should I Get? (Classic Seuss),Dr. Seuss,4.7,1873,14,Fiction,2015.0
Wonder,R. J. Palacio,4.8,21625,9,Fiction,2015.0
10-Day Green Smoothie Cleanse,JJ Smith,4.7,17350,8,Non Fiction,2016.0
A Man Called Ove: A Novel,Fredrik Backman,4.6,23848,8,Fiction,2016.0
"Adult Coloring Book Designs: Stress Relief Coloring Book: Garden Designs, Mandalas, Animals, and Paisley Patterns",Adult Coloring Book Designs,4.5,2313,4,Non Fiction,2016.0
Alexander Hamilton,Ron Chernow,4.8,9198,13,Non Fiction,2016.0
Between the World and Me,Ta-Nehisi Coates,4.7,10070,13,Non Fiction,2016.0
Born to Run,Bruce Springsteen,4.7,3729,18,Non Fiction,2016.0
Calm the F*ck Down: An Irreverent Adult Coloring Book (Irreverent Book Series),Sasha O'Hara,4.6,10369,4,Non Fiction,2016.0
Cravings: Recipes for All the Food You Want to Eat: A Cookbook,Chrissy Teigen,4.7,4761,16,Non Fiction,2016.0
Dear Zoo: A Lift-the-Flap Book,Rod Campbell,4.8,10922,5,Fiction,2016.0
Double Down (Diary of a Wimpy Kid #11),Jeff Kinney,4.8,5118,20,Fiction,2016.0
Fahrenheit 451,Ray Bradbury,4.6,10721,8,Fiction,2016.0
Fantastic Beasts and Where to Find Them: The Original Screenplay (Harry Potter),J.K. Rowling,4.7,4370,15,Fiction,2016.0
First 100 Words,Roger Priddy,4.7,17323,4,Non Fiction,2016.0
Giraffes Can't Dance,Giles Andreae,4.8,14038,4,Fiction,2016.0
Hamilton: The Revolution,Lin-Manuel Miranda,4.9,5867,54,Non Fiction,2016.0
"Harry Potter and the Chamber of Secrets: The Illustrated Edition (Harry Potter, Book 2)",J.K. Rowling,4.9,19622,30,Fiction,2016.0
"Harry Potter and the Cursed Child, Parts 1 & 2, Special Rehearsal Edition Script",J.K. Rowling,4.0,23973,12,Fiction,2016.0
"Harry Potter and the Sorcerer's Stone: The Illustrated Edition (Harry Potter, Book 1)",J.K. Rowling,4.9,10052,22,Fiction,2016.0
Harry Potter Paperback Box Set (Books 1-7),J. K. Rowling,4.8,13471,52,Fiction,2016.0
Hillbilly Elegy: A Memoir of a Family and Culture in Crisis,J. D. Vance,4.4,15526,14,Non Fiction,2016.0
How to Win Friends & Influence People,Dale Carnegie,4.7,25001,11,Non Fiction,2016.0
Jesus Calling: Enjoying Peace in His Presence (with Scripture References),Sarah Young,4.9,19576,8,Non Fiction,2016.0
Killing the Rising Sun: How America Vanquished World War II Japan (Bill O'Reilly's Killing Series),Bill O'Reilly,4.8,8916,6,Non Fiction,2016.0
Laugh-Out-Loud Jokes for Kids,Rob Elliott,4.6,6990,4,Non Fiction,2016.0
Milk and Honey,Rupi Kaur,4.7,17739,8,Non Fiction,2016.0
Mindset: The New Psychology of Success,Carol S. Dweck,4.6,5542,10,Non Fiction,2016.0
Night (Night),Elie Wiesel,4.7,5178,9,Non Fiction,2016.0
"Oh, the Places You'll Go!",Dr. Seuss,4.9,21834,8,Fiction,2016.0
Pokémon Deluxe Essential Handbook: The Need-to-Know Stats and Facts on Over 700 Pokémon,Scholastic,4.7,3503,9,Fiction,2016.0
"Publication Manual of the American Psychological Association, 6th Edition",American Psychological Association,4.5,8580,46,Non Fiction,2016.0
StrengthsFinder 2.0,Gallup,4.0,5069,17,Non Fiction,2016.0
The 5 Love Languages: The Secret to Love that Lasts,Gary Chapman,4.8,25554,8,Non Fiction,2016.0
The 7 Habits of Highly Effective People: Powerful Lessons in Personal Change,Stephen R. Covey,4.7,4725,16,Non Fiction,2016.0
The Constitution of the United States,Delegates of the Constitutional,4.8,2774,0,Non Fiction,2016.0
The Four Agreements: A Practical Guide to Personal Freedom (A Toltec Wisdom Book),Don Miguel Ruiz,4.7,23308,6,Non Fiction,2016.0
The Girl on the Train,Paula Hawkins,4.1,79446,7,Fiction,2016.0
The Going-To-Bed Book,Sandra Boynton,4.8,5249,5,Fiction,2016.0
The Life-Changing Magic of Tidying Up: The Japanese Art of Decluttering and Organizing,Marie Kondō,4.5,22641,11,Non Fiction,2016.0
The Magnolia Story,Chip Gaines,4.9,7861,5,Non Fiction,2016.0
The Nightingale: A Novel,Kristin Hannah,4.8,49288,11,Fiction,2016.0
"The Official SAT Study Guide, 2016 Edition (Official Study Guide for the New Sat)",The College Board,4.3,807,36,Non Fiction,2016.0
The Very Hungry Caterpillar,Eric Carle,4.9,19546,5,Fiction,2016.0
The Whole30: The 30-Day Guide to Total Health and Food Freedom,Melissa Hartwig Urban,4.6,7508,16,Non Fiction,2016.0
The Wonderful Things You Will Be,Emily Winfield Martin,4.9,8842,10,Fiction,2016.0
Thug Kitchen: The Official Cookbook: Eat Like You Give a F*ck (Thug Kitchen Cookbooks),Thug Kitchen,4.6,11128,23,Non Fiction,2016.0
To Kill a Mockingbird,Harper Lee,4.8,26234,0,Fiction,2016.0
"Uninvited: Living Loved When You Feel Less Than, Left Out, and Lonely",Lysa TerKeurst,4.7,4585,9,Non Fiction,2016.0
When Breath Becomes Air,Paul Kalanithi,4.8,13779,14,Non Fiction,2016.0
Wonder,R. J. Palacio,4.8,21625,9,Fiction,2016.0
You Are a Badass: How to Stop Doubting Your Greatness and Start Living an Awesome Life,Jen Sincero,4.7,14331,8,Non Fiction,2016.0
1984 (Signet Classics),George Orwell,4.7,21424,6,Fiction,2017.0
A Gentleman in Moscow: A Novel,Amor Towles,4.7,19699,15,Fiction,2017.0
A Man Called Ove: A Novel,Fredrik Backman,4.6,23848,8,Fiction,2017.0
Astrophysics for People in a Hurry,Neil deGrasse Tyson,4.7,9374,9,Non Fiction,2017.0
"Brown Bear, Brown Bear, What Do You See?",Bill Martin Jr.,4.9,14344,5,Fiction,2017.0
Dear Zoo: A Lift-the-Flap Book,Rod Campbell,4.8,10922,5,Fiction,2017.0
Dog Man: A Tale of Two Kitties: From the Creator of Captain Underpants (Dog Man #3),Dav Pilkey,4.9,4786,8,Fiction,2017.0
First 100 Words,Roger Priddy,4.7,17323,4,Non Fiction,2017.0
Giraffes Can't Dance,Giles Andreae,4.8,14038,4,Fiction,2017.0
Goodnight Moon,Margaret Wise Brown,4.8,8837,5,Fiction,2017.0
"Harry Potter and the Prisoner of Azkaban: The Illustrated Edition (Harry Potter, Book 3)",J.K. Rowling,4.9,3146,30,Fiction,2017.0
Hillbilly Elegy: A Memoir of a Family and Culture in Crisis,J. D. Vance,4.4,15526,14,Non Fiction,2017.0
How to Win Friends & Influence People,Dale Carnegie,4.7,25001,11,Non Fiction,2017.0
If Animals Kissed Good Night,Ann Whitford Paul,4.8,16643,4,Fiction,2017.0
Killers of the Flower Moon: The Osage Murders and the Birth of the FBI,David Grann,4.6,8393,17,Non Fiction,2017.0
Laugh-Out-Loud Jokes for Kids,Rob Elliott,4.6,6990,4,Non Fiction,2017.0
Leonardo da Vinci,Walter Isaacson,4.5,3014,21,Non Fiction,2017.0
Make Your Bed: Little Things That Can Change Your Life...And Maybe the World,Admiral William H. McRaven,4.7,10199,11,Non Fiction,2017.0
Milk and Honey,Rupi Kaur,4.7,17739,8,Non Fiction,2017.0
Milk and Vine: Inspirational Quotes From Classic Vines,Adam Gasiewski,4.4,3113,6,Non Fiction,2017.0
Obama: An Intimate Portrait,Pete Souza,4.9,3192,22,Non Fiction,2017.0
"Oh, the Places You'll Go!",Dr. Seuss,4.9,21834,8,Fiction,2017.0
"Option B: Facing Adversity, Building Resilience, and Finding Joy",Sheryl Sandberg,4.5,1831,9,Non Fiction,2017.0
Origin: A Novel (Robert Langdon),Dan Brown,4.3,18904,13,Fiction,2017.0
Player's Handbook (Dungeons & Dragons),Wizards RPG Team,4.8,16990,27,Fiction,2017.0
"Publication Manual of the American Psychological Association, 6th Edition",American Psychological Association,4.5,8580,46,Non Fiction,2017.0
Puppy Birthday to You! (Paw Patrol) (Little Golden Book),Golden Books,4.8,4757,4,Fiction,2017.0
Ready Player One: A Novel,Ernest Cline,4.6,22536,12,Fiction,2017.0
StrengthsFinder 2.0,Gallup,4.0,5069,17,Non Fiction,2017.0
The 5 Love Languages: The Secret to Love that Lasts,Gary Chapman,4.8,25554,8,Non Fiction,2017.0
The 7 Habits of Highly Effective People: Powerful Lessons in Personal Change,Stephen R. Covey,4.7,4725,16,Non Fiction,2017.0
The Four Agreements: A Practical Guide to Personal Freedom (A Toltec Wisdom Book),Don Miguel Ruiz,4.7,23308,6,Non Fiction,2017.0
The Getaway,Jeff Kinney,4.8,5836,0,Fiction,2017.0
The Going-To-Bed Book,Sandra Boynton,4.8,5249,5,Fiction,2017.0
The Handmaid's Tale,Margaret Atwood,4.3,29442,7,Fiction,2017.0
The Instant Pot Electric Pressure Cooker Cookbook: Easy Recipes for Fast & Healthy Meals,Laurel Randolph,4.3,7368,7,Non Fiction,2017.0
The Life-Changing Magic of Tidying Up: The Japanese Art of Decluttering and Organizing,Marie Kondō,4.5,22641,11,Non Fiction,2017.0
The Pout-Pout Fish,Deborah Diesen,4.8,9784,5,Fiction,2017.0
The Shack: Where Tragedy Confronts Eternity,William P. Young,4.6,19720,8,Fiction,2017.0
The Subtle Art of Not Giving a F*ck: A Counterintuitive Approach to Living a Good Life,Mark Manson,4.6,26490,15,Non Fiction,2017.0
The Sun and Her Flowers,Rupi Kaur,4.7,5487,9,Non Fiction,2017.0
The Very Hungry Caterpillar,Eric Carle,4.9,19546,5,Fiction,2017.0
The Whole30: The 30-Day Guide to Total Health and Food Freedom,Melissa Hartwig Urban,4.6,7508,16,Non Fiction,2017.0
The Wonderful Things You Will Be,Emily Winfield Martin,4.9,8842,10,Fiction,2017.0
Thirteen Reasons Why,Jay Asher,4.5,7932,9,Fiction,2017.0
Thug Kitchen: The Official Cookbook: Eat Like You Give a F*ck (Thug Kitchen Cookbooks),Thug Kitchen,4.6,11128,23,Non Fiction,2017.0
"Tools of Titans: The Tactics, Routines, and Habits of Billionaires, Icons, and World-Class Performers",Timothy Ferriss,4.6,4360,21,Non Fiction,2017.0
What Happened,Hillary Rodham Clinton,4.6,5492,18,Non Fiction,2017.0
Wonder,R. J. Palacio,4.8,21625,9,Fiction,2017.0
You Are a Badass: How to Stop Doubting Your Greatness and Start Living an Awesome Life,Jen Sincero,4.7,14331,8,Non Fiction,2017.0
12 Rules for Life: An Antidote to Chaos,Jordan B. Peterson,4.7,18979,15,Non Fiction,2018.0
"A Higher Loyalty: Truth, Lies, and Leadership",James Comey,4.7,5983,3,Non Fiction,2018.0
A Wrinkle in Time (Time Quintet),Madeleine L'Engle,4.5,5153,5,Fiction,2018.0
Becoming,Michelle Obama,4.8,61133,11,Non Fiction,2018.0
Crazy Rich Asians (Crazy Rich Asians Trilogy),Kevin Kwan,4.3,6143,8,Fiction,2018.0
Dear Zoo: A Lift-the-Flap Book,Rod Campbell,4.8,10922,5,Fiction,2018.0
Dog Man and Cat Kid: From the Creator of Captain Underpants (Dog Man #4),Dav Pilkey,4.9,5062,6,Fiction,2018.0
Dog Man: Brawl of the Wild: From the Creator of Captain Underpants (Dog Man #6),Dav Pilkey,4.9,7235,4,Fiction,2018.0
Dog Man: Lord of the Fleas: From the Creator of Captain Underpants (Dog Man #5),Dav Pilkey,4.9,5470,6,Fiction,2018.0
Educated: A Memoir,Tara Westover,4.7,28729,15,Non Fiction,2018.0
Fahrenheit 451,Ray Bradbury,4.6,10721,8,Fiction,2018.0
Fear: Trump in the White House,Bob Woodward,4.4,6042,2,Non Fiction,2018.0
Fire and Fury: Inside the Trump White House,Michael Wolff,4.2,13677,6,Non Fiction,2018.0
First 100 Words,Roger Priddy,4.7,17323,4,Non Fiction,2018.0
Giraffes Can't Dance,Giles Andreae,4.8,14038,4,Fiction,2018.0
"Girl, Wash Your Face: Stop Believing the Lies About Who You Are So You Can Become Who You Were Meant to Be",Rachel Hollis,4.6,22288,12,Non Fiction,2018.0
Goodnight Moon,Margaret Wise Brown,4.8,8837,5,Fiction,2018.0
Homebody: A Guide to Creating Spaces You Never Want to Leave,Joanna Gaines,4.8,3776,22,Non Fiction,2018.0
How to Win Friends & Influence People,Dale Carnegie,4.7,25001,11,Non Fiction,2018.0
Instant Pot Pressure Cooker Cookbook: 500 Everyday Recipes for Beginners and Advanced Users. Try Easy and Healthy…,Jennifer Smith,4.4,7396,13,Non Fiction,2018.0
Kitchen Confidential Updated Edition: Adventures in the Culinary Underbelly (P.S.),Anthony Bourdain,4.8,2507,8,Non Fiction,2018.0
"Last Week Tonight with John Oliver Presents A Day in the Life of Marlon Bundo (Better Bundo Book, LGBT Childrens Book)",Jill Twiss,4.9,11881,13,Fiction,2018.0
Lettering and Modern Calligraphy: A Beginner's Guide: Learn Hand Lettering and Brush Lettering,Paper Peony Press,4.4,7550,6,Non Fiction,2018.0
Little Fires Everywhere,Celeste Ng,4.5,25706,12,Fiction,2018.0
Magnolia Table: A Collection of Recipes for Gathering,Joanna Gaines,4.8,9867,16,Non Fiction,2018.0
Milk and Honey,Rupi Kaur,4.7,17739,8,Non Fiction,2018.0
"Oh, the Places You'll Go!",Dr. Seuss,4.9,21834,8,Fiction,2018.0
P is for Potty! (Sesame Street) (Lift-the-Flap),Naomi Kleinberg,4.7,10820,5,Non Fiction,2018.0
Player's Handbook (Dungeons & Dragons),Wizards RPG Team,4.8,16990,27,Fiction,2018.0
"Publication Manual of the American Psychological Association, 6th Edition",American Psychological Association,4.5,8580,46,Non Fiction,2018.0
Ready Player One: A Novel,Ernest Cline,4.6,22536,12,Fiction,2018.0
"Salt, Fat, Acid, Heat: Mastering the Elements of Good Cooking",Samin Nosrat,4.8,7802,20,Non Fiction,2018.0
"School Zone - Big Preschool Workbook - Ages 4 and Up, Colors, Shapes, Numbers 1-10, Alphabet, Pre-Writing, Pre-Reading…",School Zone,4.8,23047,6,Non Fiction,2018.0
Ship of Fools: How a Selfish Ruling Class Is Bringing America to the Brink of Revolution,Tucker Carlson,4.8,3923,16,Non Fiction,2018.0
The 5 Love Languages: The Secret to Love that Lasts,Gary Chapman,4.8,25554,8,Non Fiction,2018.0
The Complete Ketogenic Diet for Beginners: Your Essential Guide to Living the Keto Lifestyle,Amy Ramos,4.3,13061,6,Non Fiction,2018.0
The Four Agreements: A Practical Guide to Personal Freedom (A Toltec Wisdom Book),Don Miguel Ruiz,4.7,23308,6,Non Fiction,2018.0
The Hate U Give,Angie Thomas,4.8,9947,11,Fiction,2018.0
The Instant Pot Electric Pressure Cooker Cookbook: Easy Recipes for Fast & Healthy Meals,Laurel Randolph,4.3,7368,7,Non Fiction,2018.0
The Meltdown (Diary of a Wimpy Kid Book 13),Jeff Kinney,4.8,5898,8,Fiction,2018.0
"The Plant Paradox Cookbook: 100 Delicious Recipes to Help You Lose Weight, Heal Your Gut, and Live Lectin-Free",Dr. Steven R Gundry MD,4.5,3601,18,Non Fiction,2018.0
"The Plant Paradox: The Hidden Dangers in ""Healthy"" Foods That Cause Disease and Weight Gain",Dr. Steven R Gundry MD,4.4,7058,17,Non Fiction,2018.0
The Pout-Pout Fish,Deborah Diesen,4.8,9784,5,Fiction,2018.0
The President Is Missing: A Novel,James Patterson,4.3,10191,18,Fiction,2018.0
The Subtle Art of Not Giving a F*ck: A Counterintuitive Approach to Living a Good Life,Mark Manson,4.6,26490,15,Non Fiction,2018.0
The Very Hungry Caterpillar,Eric Carle,4.9,19546,5,Fiction,2018.0
The Wonderful Things You Will Be,Emily Winfield Martin,4.9,8842,10,Fiction,2018.0
The Wonky Donkey,Craig Smith,4.8,30183,4,Fiction,2018.0
Whose Boat Is This Boat?: Comments That Don't Help in the Aftermath of a Hurricane,The Staff of The Late Show with,4.6,6669,12,Non Fiction,2018.0
You Are a Badass: How to Stop Doubting Your Greatness and Start Living an Awesome Life,Jen Sincero,4.7,14331,8,Non Fiction,2018.0
"5,000 Awesome Facts (About Everything!) (National Geographic Kids)",National Geographic Kids,4.8,7665,12,Non Fiction,2019.0
Becoming,Michelle Obama,4.8,61133,11,Non Fiction,2019.0
"Brown Bear, Brown Bear, What Do You See?",Bill Martin Jr.,4.9,14344,5,Fiction,2019.0
Can't Hurt Me: Master Your Mind and Defy the Odds,David Goggins,4.8,16244,18,Non Fiction,2019.0
Difficult Riddles For Smart Kids: 300 Difficult Riddles And Brain Teasers Families Will Love (Books for Smart Kids),M Prefontaine,4.6,7955,5,Non Fiction,2019.0
Dog Man: Brawl of the Wild: From the Creator of Captain Underpants (Dog Man #6),Dav Pilkey,4.9,7235,4,Fiction,2019.0
Dog Man: Fetch-22: From the Creator of Captain Underpants (Dog Man #8),Dav Pilkey,4.9,12619,8,Fiction,2019.0
Dog Man: For Whom the Ball Rolls: From the Creator of Captain Underpants (Dog Man #7),Dav Pilkey,4.9,9089,8,Fiction,2019.0
Educated: A Memoir,Tara Westover,4.7,28729,15,Non Fiction,2019.0
Giraffes Can't Dance,Giles Andreae,4.8,14038,4,Fiction,2019.0
"Girl, Stop Apologizing: A Shame-Free Plan for Embracing and Achieving Your Goals",Rachel Hollis,4.6,7660,12,Non Fiction,2019.0
"Girl, Wash Your Face: Stop Believing the Lies About Who You Are So You Can Become Who You Were Meant to Be",Rachel Hollis,4.6,22288,12,Non Fiction,2019.0
Good Days Start With Gratitude: A 52 Week Guide To Cultivate An Attitude Of Gratitude: Gratitude Journal,Pretty Simple Press,4.6,10141,6,Non Fiction,2019.0
Goodnight Moon,Margaret Wise Brown,4.8,8837,5,Fiction,2019.0
Guts,Raina Telgemeier,4.8,5476,7,Non Fiction,2019.0
"Harry Potter and the Goblet of Fire: The Illustrated Edition (Harry Potter, Book 4) (4)",J. K. Rowling,4.9,7758,18,Fiction,2019.0
Howard Stern Comes Again,Howard Stern,4.3,5272,16,Non Fiction,2019.0
"I Am Confident, Brave & Beautiful: A Coloring Book for Girls",Hopscotch Girls,4.8,9737,7,Non Fiction,2019.0
If Animals Kissed Good Night,Ann Whitford Paul,4.8,16643,4,Fiction,2019.0
Instant Pot Pressure Cooker Cookbook: 500 Everyday Recipes for Beginners and Advanced Users. Try Easy and Healthy…,Jennifer Smith,4.4,7396,13,Non Fiction,2019.0
It's Not Supposed to Be This Way: Finding Unexpected Strength When Disappointments Leave You Shattered,Lysa TerKeurst,4.8,7062,12,Non Fiction,2019.0
"National Geographic Kids Why?: Over 1,111 Answers to Everything",Crispin Boyer,4.8,5347,16,Non Fiction,2019.0
National Geographic Little Kids First Big Book of Why (National Geographic Little Kids First Big Books),Amy Shields,4.8,7866,11,Non Fiction,2019.0
"Oh, the Places You'll Go!",Dr. Seuss,4.9,21834,8,Fiction,2019.0
P is for Potty! (Sesame Street) (Lift-the-Flap),Naomi Kleinberg,4.7,10820,5,Non Fiction,2019.0
Player's Handbook (Dungeons & Dragons),Wizards RPG Team,4.8,16990,27,Fiction,2019.0
"Salt, Fat, Acid, Heat: Mastering the Elements of Good Cooking",Samin Nosrat,4.8,7802,20,Non Fiction,2019.0
"School Zone - Big Preschool Workbook - Ages 4 and Up, Colors, Shapes, Numbers 1-10, Alphabet, Pre-Writing, Pre-Reading…",School Zone,4.8,23047,6,Non Fiction,2019.0
Strange Planet (Strange Planet Series),Nathan W. Pyle,4.9,9382,6,Fiction,2019.0
The 5 Love Languages: The Secret to Love that Lasts,Gary Chapman,4.8,25554,8,Non Fiction,2019.0
"The Body Keeps the Score: Brain, Mind, and Body in the Healing of Trauma",Bessel van der Kolk M.D.,4.8,12361,12,Non Fiction,2019.0
The Complete Ketogenic Diet for Beginners: Your Essential Guide to Living the Keto Lifestyle,Amy Ramos,4.3,13061,6,Non Fiction,2019.0
The Four Agreements: A Practical Guide to Personal Freedom (A Toltec Wisdom Book),Don Miguel Ruiz,4.7,23308,6,Non Fiction,2019.0
The Guardians: A Novel,John Grisham,4.5,13609,14,Fiction,2019.0
The Life-Changing Magic of Tidying Up: The Japanese Art of Decluttering and Organizing,Marie Kondō,4.5,22641,11,Non Fiction,2019.0
The Mueller Report,The Washington Post,4.6,2744,12,Non Fiction,2019.0
The Silent Patient,Alex Michaelides,4.5,27536,14,Fiction,2019.0
The Subtle Art of Not Giving a F*ck: A Counterintuitive Approach to Living a Good Life,Mark Manson,4.6,26490,15,Non Fiction,2019.0
The Total Money Makeover: Classic Edition: A Proven Plan for Financial Fitness,Dave Ramsey,4.7,11550,10,Non Fiction,2019.0
The Unofficial Harry Potter Cookbook: From Cauldron Cakes to Knickerbocker Glory--More Than 150 Magical Recipes for…,Dinah Bucholz,4.7,9030,10,Non Fiction,2019.0
The Very Hungry Caterpillar,Eric Carle,4.9,19546,5,Fiction,2019.0
The Wonderful Things You Will Be,Emily Winfield Martin,4.9,8842,10,Fiction,2019.0
The Wonky Donkey,Craig Smith,4.8,30183,4,Fiction,2019.0
To Kill a Mockingbird,Harper Lee,4.8,26234,7,Fiction,2019.0
Unfreedom of the Press,Mark R. Levin,4.9,5956,11,Non Fiction,2019.0
Unicorn Coloring Book: For Kids Ages 4-8 (US Edition) (Silly Bear Coloring Books),Silly Bear,4.8,6108,4,Non Fiction,2019.0
What Should Danny Do? (The Power to Choose Series),Adir Levy,4.8,8170,13,Fiction,2019.0
Where the Crawdads Sing,Delia Owens,4.8,87841,15,Fiction,2019.0
Wrecking Ball (Diary of a Wimpy Kid Book 14),Jeff Kinney,4.9,9413,8,Fiction,2019.0
You Are a Badass: How to Stop Doubting Your Greatness and Start Living an Awesome Life,Jen Sincero,4.7,14331,8,Non Fiction,2019.0
A Promised Land,Barack Obama,4.9,121109,16,Non Fiction,2020.0
American Dirt (Oprah's Book Club): A Novel,Jeanine Cummins,4.6,66795,14,Fiction,2020.0
Atomic Habits: An Easy & Proven Way to Build Good Habits & Break Bad Ones,James Clear,4.8,73216,12,Non Fiction,2020.0
Becoming,Michelle Obama,4.8,118767,21,Non Fiction,2020.0
"Brown Bear, Brown Bear, What Do You See?",Bill Martin Jr.,4.9,38969,5,Fiction,2020.0
Burn After Writing,Sharon Jones,4.6,36689,7,Non Fiction,2020.0
Caste (Oprah's Book Club): The Origins of Our Discontents,Isabel Wilkerson,4.8,38318,15,Non Fiction,2020.0
Chicka Chicka Boom Boom (Board Book),Bill Martin Jr.,4.9,30145,5,Fiction,2020.0
Dog Man: Grime and Punishment: A Graphic Novel (Dog Man #9): From the Creator of Captain Underpants (9),Dav Pilkey,4.9,41021,6,Fiction,2020.0
Educated: A Memoir,Tara Westover,4.7,61064,13,Non Fiction,2020.0
Get Out of Your Head: Stopping the Spiral of Toxic Thoughts,Jennie Allen,4.7,19558,14,Non Fiction,2020.0
Giraffes Can't Dance,Giles Andreae,4.8,27722,6,Fiction,2020.0
Greenlights,Matthew McConaughey,4.7,52217,16,Non Fiction,2020.0
How to Be an Antiracist,Ibram X. Kendi,4.7,24386,17,Non Fiction,2020.0
How to Catch a Mermaid,Adam Wallace,4.8,26660,5,Fiction,2020.0
How to Catch a Unicorn,Adam Wallace,4.8,29902,5,Fiction,2020.0
Human Body Activity Book for Kids: Hands-On Fun for Grades K-3,"Ph.D., Katie Stokes, M.Ed.,",4.7,19138,5,Non Fiction,2020.0
"I Am Confident, Brave & Beautiful: A Coloring Book for Girls",Hopscotch Girls,4.8,29913,7,Non Fiction,2020.0
I Love You to the Moon and Back,Amelia Hepworth,4.9,51188,4,Fiction,2020.0
If Animals Kissed Good Night,Ann Whitford Paul,4.8,63659,4,Fiction,2020.0
Little Fires Everywhere: A Novel,Celeste Ng,4.5,53363,10,Fiction,2020.0
Live Free Or Die: America (and the World) on the Brink,Sean Hannity,4.8,23944,13,Non Fiction,2020.0
"Magnolia Table, Volume 2: A Collection of Recipes for Gathering",Joanna Gaines,4.9,24352,17,Non Fiction,2020.0
Midnight Sun,Stephenie Meyer,4.8,79334,14,Fiction,2020.0
Modern Comfort Food: A Barefoot Contessa Cookbook,Ina Garten,4.8,16097,19,Non Fiction,2020.0
"My First Learn-to-Write Workbook: Practice for Kids with Pen Control, Line Tracing, Letters, and More!",Crystal Radke,4.8,69801,5,Non Fiction,2020.0
Paint by Sticker Kids: Unicorns & Magic: Create 10 Pictures One Sticker at a Time! Includes Glitter Stickers,Workman Publishing,4.8,17639,7,Non Fiction,2020.0
Paint by Sticker Kids: Zoo Animals: Create 10 Pictures One Sticker at a Time!,Workman Publishing,4.8,20182,8,Non Fiction,2020.0
"Prayer Journal for Women: 52 Week Scripture, Devotional & Guided Prayer Journal",Shannon Roberts,4.8,39234,10,Non Fiction,2020.0
Rage,Bob Woodward,4.6,33469,8,Non Fiction,2020.0
"School Zone - Big Preschool Workbook - 320 Pages, Ages 3 to 5, Colors, Shapes, Numbers, Early Math, Alphabet, Pre-Writing, Phonics, Following Directions, and More (School Zone Big Workbook Series)",School Zone,4.8,60501,6,Non Fiction,2020.0
The 5 Love Languages: The Secret to Love that Lasts,Gary Chapman,4.8,62463,8,Non Fiction,2020.0
The Ballad of Songbirds and Snakes (A Hunger Games Novel),Suzanne Collins,4.7,43745,14,Fiction,2020.0
The Big Book of Silly Jokes for Kids,Carole P. Roman,4.7,18142,6,Non Fiction,2020.0
"The Body Keeps the Score: Brain, Mind, and Body in the Healing of Trauma",Bessel van der Kolk M.D.,4.8,44642,11,Non Fiction,2020.0
"The Boy, the Mole, the Fox and the Horse",Charlie Mackesy,4.8,93749,10,Fiction,2020.0
The Deep End (Diary of a Wimpy Kid Book 15),Jeff Kinney,4.9,38674,7,Fiction,2020.0
The Four Agreements: A Practical Guide to Personal Freedom (A Toltec Wisdom Book),Don Miguel Ruiz,4.7,75798,8,Non Fiction,2020.0
The Room Where It Happened: A White House Memoir,John Bolton,4.3,49087,13,Non Fiction,2020.0
The Silent Patient,Alex Michaelides,4.5,102544,20,Fiction,2020.0
"The Splendid and the Vile: A Saga of Churchill, Family, and Defiance During the Blitz",Erik Larson,4.7,26537,17,Non Fiction,2020.0
The Vanishing Half: A Novel,Brit Bennett,4.4,83490,13,Fiction,2020.0
The Very Hungry Caterpillar,Eric Carle,4.9,47260,5,Fiction,2020.0
The Wonky Donkey,Craig Smith,4.8,68099,5,Fiction,2020.0
Too Much and Never Enough: How My Family Created the World's Most Dangerous Man,Mary L. Trump Ph.D.,4.6,100534,10,Non Fiction,2020.0
Untamed,Glennon Doyle,4.6,49978,16,Non Fiction,2020.0
Wacky Waving Inflatable Tube Guy (RP Minis),Conor Riordan,4.0,35772,12,Fiction,2020.0
What Should Danny Do? (The Power to Choose Series),Adir Levy,4.8,20918,14,Fiction,2020.0
Where the Crawdads Sing,Delia Owens,4.8,208915,12,Fiction,2020.0
White Fragility: Why It's So Hard for White People to Talk About Racism,Dr. Robin DiAngelo,4.5,38798,8,Non Fiction,2020.0
1984,George Orwell,4.7,60381,7,Fiction,2021.0
American Marxism,Mark R. Levin,4.9,29510,14,Non Fiction,2021.0
Atlas of the Heart: Mapping Meaningful Connection and the Language of Human Experience,Brené Brown,4.8,7556,18,Non Fiction,2021.0
Atomic Habits: An Easy & Proven Way to Build Good Habits & Break Bad Ones,James Clear,4.8,73216,12,Non Fiction,2021.0
Big Shot Diary of a Wimpy Kid Book 16,Jeff Kinney,4.9,12259,7,Fiction,2021.0
"Brown Bear, Brown Bear, What Do You See?",Bill Martin Jr.,4.9,38969,5,Fiction,2021.0
Burn After Writing (Pink),Sharon Jones,4.6,23145,7,Non Fiction,2021.0
Call Us What We Carry: Poems,Amanda Gorman,4.9,2873,14,Fiction,2021.0
Caste (Oprah's Book Club): The Origins of Our Discontents,Isabel Wilkerson,4.8,38319,15,Non Fiction,2021.0
Crystals for Beginners: The Guide to Get Started with the Healing Power of Crystals,Karen Frazier,4.8,30513,9,Non Fiction,2021.0
Dog Man: Mothering Heights: A Graphic Novel (Dog Man #10): From the Creator of Captain Underpants (10),Dav Pilkey,4.9,18740,7,Fiction,2021.0
"Dune (Dune Chronicles, Book 1)",Frank Herbert,4.7,52262,12,Fiction,2021.0
Go Tell the Bees That I Am Gone: A Novel (Outlander),Diana Gabaldon,4.7,35580,20,Fiction,2021.0
Greenlights,Matthew McConaughey,4.7,52217,16,Non Fiction,2021.0
Grumpy Monkey,Suzanne Lang,4.8,20714,7,Fiction,2021.0
How to Catch a Mermaid,Adam Wallace,4.8,26660,5,Fiction,2021.0
How to Win Friends & Influence People,Dale Carnegie,4.7,61283,11,Non Fiction,2021.0
"I Am Confident, Brave & Beautiful: A Coloring Book for Girls",Hopscotch Girls,4.8,29913,7,Non Fiction,2021.0
I Love You to the Moon and Back,Amelia Hepworth,4.9,51188,4,Fiction,2021.0
If Animals Kissed Good Night,Ann Whitford Paul,4.8,63658,4,Fiction,2021.0
It Ends with Us: A Novel (1),Colleen Hoover,4.7,76135,11,Fiction,2021.0
"My First Learn-to-Write Workbook: Practice for Kids with Pen Control, Line Tracing, Letters, and More!",Crystal Radke,4.8,69801,5,Non Fiction,2021.0
My First Library : Boxset of 10 Board Books for Kids,Wonder House Books,4.6,39852,16,Non Fiction,2021.0
"Oh, the Places You'll Go!  ",Dr. Seuss,4.9,35287,9,Fiction,2021.0
Paint by Sticker Kids: Zoo Animals: Create 10 Pictures One Sticker at a Time!,Workman Publishing,4.8,20182,8,Non Fiction,2021.0
Peril,Bob Woodward,4.6,16861,15,Non Fiction,2021.0
"Publication Manual of the American Psychological Association: 7th Edition, Official, 2020 Copyright",American Psychological Association,4.8,25374,21,Non Fiction,2021.0
Rich Dad Poor Dad: What the Rich Teach Their Kids About Money That the Poor and Middle Class Do Not!,Robert T. Kiyosaki,4.7,71078,13,Non Fiction,2021.0
"School Zone - Big Preschool Workbook - 320 Pages, Ages 3 to 5, Colors, Shapes, Numbers, Early Math, Alphabet, Pre-Writing, Phonics, Following Directions, and More (School Zone Big Workbook Series)",School Zone,4.8,60501,6,Non Fiction,2021.0
"Self-Love Workbook for Women: Release Self-Doubt, Build Self-Compassion, and Embrace Who You Are (Self-Help Workbooks for Women)",Megan Logan MSW LCSW,4.7,11921,10,Non Fiction,2021.0
The 48 Laws of Power,Robert Greene,4.7,38568,12,Non Fiction,2021.0
The 5 Love Languages: The Secret to Love that Lasts,Gary Chapman,4.8,62463,8,Non Fiction,2021.0
"The Alchemist, 25th Anniversary: A Fable About Following Your Dream",Paulo Coelho,4.7,71252,9,Fiction,2021.0
"The Body Keeps the Score: Brain, Mind, and Body in the Healing of Trauma",Bessel van der Kolk M.D.,4.8,44642,11,Non Fiction,2021.0
"The Boy, the Mole, the Fox and the Horse",Charlie Mackesy,4.8,93749,10,Fiction,2021.0
The Four Agreements: A Practical Guide to Personal Freedom (A Toltec Wisdom Book),Don Miguel Ruiz,4.7,75798,8,Non Fiction,2021.0
The Four Winds: A Novel,Kristin Hannah,4.5,96810,14,Fiction,2021.0
The Hill We Climb: An Inaugural Poem for the Country,Amanda Gorman,4.9,14385,10,Fiction,2021.0
The Last Thing He Told Me: A Novel,Laura Dave,4.3,77903,14,Fiction,2021.0
The Midnight Library: A Novel,Matt Haig,4.3,144313,13,Fiction,2021.0
"The Real Anthony Fauci: Bill Gates, Big Pharma, and the Global War on Democracy and Public Health (Children’s Health Defense)",Robert F. Kennedy Jr.,4.8,14575,20,Non Fiction,2021.0
The Seven Husbands of Evelyn Hugo: A Novel,Taylor Jenkins Reid,4.6,60969,9,Fiction,2021.0
The Song of Achilles: A Novel,Madeline Miller,4.7,38186,10,Fiction,2021.0
The Storyteller: Tales of Life and Music,Dave Grohl,4.8,14463,18,Non Fiction,2021.0
The Subtle Art of Not Giving a F*ck: A Counterintuitive Approach to Living a Good Life,Mark Manson,4.6,64073,14,Non Fiction,2021.0
The Very Hungry Caterpillar,Eric Carle,4.9,47260,5,Fiction,2021.0
The Wonderful Things You Will Be,Emily Winfield Martin,4.9,20920,9,Fiction,2021.0
They Both Die at the End,Adam Silvera,4.7,22602,8,Fiction,2021.0
Untamed,Glennon Doyle,4.6,49978,16,Non Fiction,2021.0
We Were Liars,E. Lockhart,4.5,34117,6,Fiction,2021.0
Air Fryer Cookbook: 600 Effortless Air Fryer Recipes for Beginners and Advanced Users,Jenson William,4.4,29402,11,Non Fiction,2022.0
Atlas of the Heart: Mapping Meaningful Connection and the Language of Human Experience,Brené Brown,4.8,7556,18,Non Fiction,2022.0
Atomic Habits: An Easy & Proven Way to Build Good Habits & Break Bad Ones,James Clear,4.8,73215,12,Non Fiction,2022.0
"Brown Bear, Brown Bear, What Do You See?",Bill Martin Jr.,4.9,38969,5,Fiction,2022.0
Burn After Writing (Pink),Sharon Jones,4.6,23146,7,Non Fiction,2022.0
"From Crook to Cook: Platinum Recipes from Tha Boss Dogg's Kitchen (Snoop Dogg Cookbook, Celebrity Cookbook with Soul Food Recipes) (Snoop Dog x Chronicle Books)",Snoop Dogg,4.8,23735,13,Non Fiction,2022.0
House of Sky and Breath (Crescent City),Sarah J. Maas,4.8,14327,18,Fiction,2022.0
How to Catch a Leprechaun,Adam Wallace,4.8,6020,10,Fiction,2022.0
How to Win Friends & Influence People,Dale Carnegie,4.7,61283,11,Non Fiction,2022.0
I Love You to the Moon and Back,Amelia Hepworth,4.9,51188,4,Fiction,2022.0
If Animals Kissed Good Night,Ann Whitford Paul,4.8,63658,4,Fiction,2022.0
It Ends with Us: A Novel (1),Colleen Hoover,4.7,76137,11,Fiction,2022.0
Life Force: How New Breakthroughs in Precision Medicine Can Transform the Quality of Your Life & Those You Love,Tony Robbins,4.5,1213,20,Non Fiction,2022.0
Little Blue Truck's Valentine,Alice Schertle,4.9,6959,11,Fiction,2022.0
Llama Llama I Love You,Anna Dewdney,4.8,9361,5,Fiction,2022.0
Maus I: A Survivor's Tale: My Father Bleeds History,Art Spiegelman,4.7,2438,14,Fiction,2022.0
"My First Learn-to-Write Workbook: Practice for Kids with Pen Control, Line Tracing, Letters, and More!",Crystal Radke,4.8,69801,5,Non Fiction,2022.0
My Little Golden Book About Betty White,Deborah Hopkinson,4.9,4910,6,Non Fiction,2022.0
November 9: A Novel,Colleen Hoover,4.7,17592,13,Fiction,2022.0
Principles for Dealing with the Changing World Order: Why Nations Succeed and Fail,Ray Dalio,4.5,1685,21,Non Fiction,2022.0
Rand McNally 2022 Large Scale Road Atlas,Rand McNally,4.7,10404,17,Non Fiction,2022.0
Red-Handed: How American Elites Get Rich Helping China Win,Peter Schweizer,4.8,3366,18,Non Fiction,2022.0
Reminders of Him: A Novel,Colleen Hoover,4.7,56049,13,Fiction,2022.0
Rich Dad Poor Dad: What the Rich Teach Their Kids About Money That the Poor and Middle Class Do Not!,Robert T. Kiyosaki,4.7,71078,7,Non Fiction,2022.0
"Run, Rose, Run: A Novel",James Patterson,4.5,4828,18,Fiction,2022.0
"School Zone - Big Preschool Workbook - 320 Pages, Ages 3 to 5, Colors, Shapes, Numbers, Early Math, Alphabet, Pre-Writing, Phonics, Following Directions, and More (School Zone Big Workbook Series)",School Zone,4.8,60501,6,Non Fiction,2022.0
The 1619 Project: A New Origin Story,Nikole Hannah-Jones,4.8,6657,23,Non Fiction,2022.0
The 48 Laws of Power,Robert Greene,4.7,38568,12,Non Fiction,2022.0
The 5 Love Languages: The Secret to Love that Lasts,Gary Chapman,4.8,62462,8,Non Fiction,2022.0
"The Alchemist, 25th Anniversary: A Fable About Following Your Dream",Paulo Coelho,4.7,71252,9,Fiction,2022.0
"The Body Keeps the Score: Brain, Mind, and Body in the Healing of Trauma",Bessel van der Kolk M.D.,4.8,44642,11,Non Fiction,2022.0
"The Boy, the Mole, the Fox and the Horse",Charlie Mackesy,4.8,93749,10,Fiction,2022.0
The Complete Maus: A Survivor's Tale (Pantheon Graphic Library),Art Spiegelman,4.8,5349,32,Fiction,2022.0
The Four Agreements: A Practical Guide to Personal Freedom (A Toltec Wisdom Book),Don Miguel Ruiz,4.7,75798,8,Non Fiction,2022.0
The Great Reset: Joe Biden and the Rise of Twenty-First-Century Fascism,Glenn Beck,4.7,3098,18,Non Fiction,2022.0
The Last Thing He Told Me: A Novel,Laura Dave,4.3,77903,14,Fiction,2022.0
The Lincoln Highway: A Novel,Amor Towles,4.4,38675,18,Fiction,2022.0
The Love Hypothesis,Ali Hazelwood,4.6,24858,11,Fiction,2022.0
The Maid: A Novel,Nita Prose,4.3,17988,17,Fiction,2022.0
The Midnight Library: A Novel,Matt Haig,4.3,144314,13,Fiction,2022.0
"The Real Anthony Fauci: Bill Gates, Big Pharma, and the Global War on Democracy and Public Health (Children’s Health Defense)",Robert F. Kennedy Jr.,4.8,14575,20,Non Fiction,2022.0
The Seven Husbands of Evelyn Hugo: A Novel,Taylor Jenkins Reid,4.6,60969,9,Fiction,2022.0
The Subtle Art of Not Giving a F*ck: A Counterintuitive Approach to Living a Good Life,Mark Manson,4.6,64073,14,Non Fiction,2022.0
The Very Hungry Caterpillar,Eric Carle,4.9,47260,5,Fiction,2022.0
"The Whole Body Reset: Your Weight-Loss Plan for a Flat Belly, Optimum Health & a Body You'll Love at Midlife and Beyond",Stephen Perrine,4.2,206,20,Non Fiction,2022.0
The Wonderful Things You Will Be,Emily Winfield Martin,4.9,20920,9,Fiction,2022.0
Ugly Love: A Novel,Colleen Hoover,4.7,33929,10,Fiction,2022.0
Verity,Colleen Hoover,4.6,71826,11,Fiction,2022.0
What to Expect When You're Expecting,Heidi Murkoff,4.8,27052,13,Non Fiction,2022.0
Where the Crawdads Sing,Delia Owens,4.8,208917,10,Fiction,2022.0
